{
  "__type__": "cc.SpriteFrame",
  "content": {
    "name": "mj_tong_3",
    "atlas": "",
    "rect": {
      "x": 1,
      "y": 1,
      "width": 100,
      "height": 126
    },
    "offset": {
      "x": -0.5,
      "y": 0
    },
    "originalSize": {
      "width": 103,
      "height": 128
    },
    "rotated": false,
    "capInsets": [
      0,
      0,
      0,
      0
    ],
    "vertices": {
      "rawPosition": [
        -50,
        -63,
        0,
        50,
        -63,
        0,
        -50,
        63,
        0,
        50,
        63,
        0
      ],
      "indexes": [
        0,
        1,
        2,
        2,
        1,
        3
      ],
      "uv": [
        1,
        127,
        101,
        127,
        1,
        1,
        101,
        1
      ],
      "nuv": [
        0.009708737864077669,
        0.0078125,
        0.9805825242718447,
        0.0078125,
        0.009708737864077669,
        0.9921875,
        0.9805825242718447,
        0.9921875
      ],
      "minPos": {
        "x": -50,
        "y": -63,
        "z": 0
      },
      "maxPos": {
        "x": 50,
        "y": 63,
        "z": 0
      }
    },
    "texture": "1408dd63-292a-48e1-a240-a0cf7f721aed@6c48a",
    "packable": true,
    "pixelsToUnit": 100,
    "pivot": {
      "x": 0.5,
      "y": 0.5
    },
    "meshType": 0
  }
}