{
  "__type__": "cc.SpriteFrame",
  "content": {
    "name": "mj_wan_7",
    "atlas": "",
    "rect": {
      "x": 13,
      "y": 1,
      "width": 76,
      "height": 126
    },
    "offset": {
      "x": -0.5,
      "y": 0
    },
    "originalSize": {
      "width": 103,
      "height": 128
    },
    "rotated": false,
    "capInsets": [
      0,
      0,
      0,
      0
    ],
    "vertices": {
      "rawPosition": [
        -38,
        -63,
        0,
        38,
        -63,
        0,
        -38,
        63,
        0,
        38,
        63,
        0
      ],
      "indexes": [
        0,
        1,
        2,
        2,
        1,
        3
      ],
      "uv": [
        13,
        127,
        89,
        127,
        13,
        1,
        89,
        1
      ],
      "nuv": [
        0.1262135922330097,
        0.0078125,
        0.8640776699029126,
        0.0078125,
        0.1262135922330097,
        0.9921875,
        0.8640776699029126,
        0.9921875
      ],
      "minPos": {
        "x": -38,
        "y": -63,
        "z": 0
      },
      "maxPos": {
        "x": 38,
        "y": 63,
        "z": 0
      }
    },
    "texture": "ae1a801f-7f9d-4742-b5bf-714d78507b2e@6c48a",
    "packable": true,
    "pixelsToUnit": 100,
    "pivot": {
      "x": 0.5,
      "y": 0.5
    },
    "meshType": 0
  }
}