{
  "__type__": "cc.SpriteFrame",
  "content": {
    "name": "mj_tong_1",
    "atlas": "",
    "rect": {
      "x": 1,
      "y": 14,
      "width": 101,
      "height": 101
    },
    "offset": {
      "x": 0,
      "y": 0
    },
    "originalSize": {
      "width": 103,
      "height": 129
    },
    "rotated": false,
    "capInsets": [
      0,
      0,
      0,
      0
    ],
    "vertices": {
      "rawPosition": [
        -50.5,
        -50.5,
        0,
        50.5,
        -50.5,
        0,
        -50.5,
        50.5,
        0,
        50.5,
        50.5,
        0
      ],
      "indexes": [
        0,
        1,
        2,
        2,
        1,
        3
      ],
      "uv": [
        1,
        115,
        102,
        115,
        1,
        14,
        102,
        14
      ],
      "nuv": [
        0.009708737864077669,
        0.10852713178294573,
        0.9902912621359223,
        0.10852713178294573,
        0.009708737864077669,
        0.8914728682170543,
        0.9902912621359223,
        0.8914728682170543
      ],
      "minPos": {
        "x": -50.5,
        "y": -50.5,
        "z": 0
      },
      "maxPos": {
        "x": 50.5,
        "y": 50.5,
        "z": 0
      }
    },
    "texture": "27e8a39b-4903-4367-ad79-ddb50527a1e3@6c48a",
    "packable": true,
    "pixelsToUnit": 100,
    "pivot": {
      "x": 0.5,
      "y": 0.5
    },
    "meshType": 0
  }
}