{
  "__type__": "cc.SpriteFrame",
  "content": {
    "name": "mj_tiao_4",
    "atlas": "",
    "rect": {
      "x": 4,
      "y": 2,
      "width": 95,
      "height": 125
    },
    "offset": {
      "x": 0,
      "y": -0.5
    },
    "originalSize": {
      "width": 103,
      "height": 128
    },
    "rotated": false,
    "capInsets": [
      0,
      0,
      0,
      0
    ],
    "vertices": {
      "rawPosition": [
        -47.5,
        -62.5,
        0,
        47.5,
        -62.5,
        0,
        -47.5,
        62.5,
        0,
        47.5,
        62.5,
        0
      ],
      "indexes": [
        0,
        1,
        2,
        2,
        1,
        3
      ],
      "uv": [
        4,
        126,
        99,
        126,
        4,
        1,
        99,
        1
      ],
      "nuv": [
        0.038834951456310676,
        0.0078125,
        0.9611650485436893,
        0.0078125,
        0.038834951456310676,
        0.984375,
        0.9611650485436893,
        0.984375
      ],
      "minPos": {
        "x": -47.5,
        "y": -62.5,
        "z": 0
      },
      "maxPos": {
        "x": 47.5,
        "y": 62.5,
        "z": 0
      }
    },
    "texture": "0e989460-2b94-487f-a7c3-763c37447fba@6c48a",
    "packable": true,
    "pixelsToUnit": 100,
    "pivot": {
      "x": 0.5,
      "y": 0.5
    },
    "meshType": 0
  }
}