{
  "__type__": "cc.SpriteFrame",
  "content": {
    "name": "mj_tiao_9",
    "atlas": "",
    "rect": {
      "x": 3,
      "y": 3,
      "width": 97,
      "height": 123
    },
    "offset": {
      "x": 0,
      "y": 0
    },
    "originalSize": {
      "width": 103,
      "height": 129
    },
    "rotated": false,
    "capInsets": [
      0,
      0,
      0,
      0
    ],
    "vertices": {
      "rawPosition": [
        -48.5,
        -61.5,
        0,
        48.5,
        -61.5,
        0,
        -48.5,
        61.5,
        0,
        48.5,
        61.5,
        0
      ],
      "indexes": [
        0,
        1,
        2,
        2,
        1,
        3
      ],
      "uv": [
        3,
        126,
        100,
        126,
        3,
        3,
        100,
        3
      ],
      "nuv": [
        0.02912621359223301,
        0.023255813953488372,
        0.970873786407767,
        0.023255813953488372,
        0.02912621359223301,
        0.9767441860465116,
        0.970873786407767,
        0.9767441860465116
      ],
      "minPos": {
        "x": -48.5,
        "y": -61.5,
        "z": 0
      },
      "maxPos": {
        "x": 48.5,
        "y": 61.5,
        "z": 0
      }
    },
    "texture": "70f72659-c0c1-4c30-955f-e1b52ad4aa91@6c48a",
    "packable": true,
    "pixelsToUnit": 100,
    "pivot": {
      "x": 0.5,
      "y": 0.5
    },
    "meshType": 0
  }
}