{
  "__type__": "cc.SpriteFrame",
  "content": {
    "name": "mj_jian_3",
    "atlas": "",
    "rect": {
      "x": 1,
      "y": 14,
      "width": 102,
      "height": 100
    },
    "offset": {
      "x": 0.5,
      "y": 0
    },
    "originalSize": {
      "width": 103,
      "height": 128
    },
    "rotated": false,
    "capInsets": [
      0,
      0,
      0,
      0
    ],
    "vertices": {
      "rawPosition": [
        -51,
        -50,
        0,
        51,
        -50,
        0,
        -51,
        50,
        0,
        51,
        50,
        0
      ],
      "indexes": [
        0,
        1,
        2,
        2,
        1,
        3
      ],
      "uv": [
        1,
        114,
        103,
        114,
        1,
        14,
        103,
        14
      ],
      "nuv": [
        0.009708737864077669,
        0.109375,
        1,
        0.109375,
        0.009708737864077669,
        0.890625,
        1,
        0.890625
      ],
      "minPos": {
        "x": -51,
        "y": -50,
        "z": 0
      },
      "maxPos": {
        "x": 51,
        "y": 50,
        "z": 0
      }
    },
    "texture": "cad2ff5e-69b6-4e88-8181-6c0634ffd9d3@6c48a",
    "packable": true,
    "pixelsToUnit": 100,
    "pivot": {
      "x": 0.5,
      "y": 0.5
    },
    "meshType": 0
  }
}