{
  "__type__": "cc.SpriteFrame",
  "content": {
    "name": "mj_tiao_2",
    "atlas": "",
    "rect": {
      "x": 37,
      "y": 2,
      "width": 30,
      "height": 124
    },
    "offset": {
      "x": 0.5,
      "y": 0
    },
    "originalSize": {
      "width": 103,
      "height": 128
    },
    "rotated": false,
    "capInsets": [
      0,
      0,
      0,
      0
    ],
    "vertices": {
      "rawPosition": [
        -15,
        -62,
        0,
        15,
        -62,
        0,
        -15,
        62,
        0,
        15,
        62,
        0
      ],
      "indexes": [
        0,
        1,
        2,
        2,
        1,
        3
      ],
      "uv": [
        37,
        126,
        67,
        126,
        37,
        2,
        67,
        2
      ],
      "nuv": [
        0.3592233009708738,
        0.015625,
        0.6504854368932039,
        0.015625,
        0.3592233009708738,
        0.984375,
        0.6504854368932039,
        0.984375
      ],
      "minPos": {
        "x": -15,
        "y": -62,
        "z": 0
      },
      "maxPos": {
        "x": 15,
        "y": 62,
        "z": 0
      }
    },
    "texture": "59d95576-8972-423c-97bb-f4b97ccc3cb6@6c48a",
    "packable": true,
    "pixelsToUnit": 100,
    "pivot": {
      "x": 0.5,
      "y": 0.5
    },
    "meshType": 0
  }
}