{
  "__type__": "cc.SpriteFrame",
  "content": {
    "name": "greenformal-01",
    "atlas": "",
    "rect": {
      "x": 3,
      "y": 3,
      "width": 640,
      "height": 396
    },
    "offset": {
      "x": 0.5,
      "y": -0.5
    },
    "originalSize": {
      "width": 645,
      "height": 401
    },
    "rotated": false,
    "capInsets": [
      0,
      0,
      0,
      0
    ],
    "vertices": {
      "rawPosition": [
        -320,
        -198,
        0,
        320,
        -198,
        0,
        -320,
        198,
        0,
        320,
        198,
        0
      ],
      "indexes": [
        0,
        1,
        2,
        2,
        1,
        3
      ],
      "uv": [
        3,
        398,
        643,
        398,
        3,
        2,
        643,
        2
      ],
      "nuv": [
        0.004651162790697674,
        0.004987531172069825,
        0.9968992248062015,
        0.004987531172069825,
        0.004651162790697674,
        0.9925187032418953,
        0.9968992248062015,
        0.9925187032418953
      ],
      "minPos": {
        "x": -320,
        "y": -198,
        "z": 0
      },
      "maxPos": {
        "x": 320,
        "y": 198,
        "z": 0
      }
    },
    "texture": "fbfa6f99-2894-4c73-ab2d-579883cff294@6c48a",
    "packable": true,
    "pixelsToUnit": 100,
    "pivot": {
      "x": 0.5,
      "y": 0.5
    },
    "meshType": 0
  }
}