{
  "__type__": "cc.SpriteFrame",
  "content": {
    "name": "mj_wan_4",
    "atlas": "",
    "rect": {
      "x": 16,
      "y": 2,
      "width": 72,
      "height": 126
    },
    "offset": {
      "x": 0.5,
      "y": -1
    },
    "originalSize": {
      "width": 103,
      "height": 128
    },
    "rotated": false,
    "capInsets": [
      0,
      0,
      0,
      0
    ],
    "vertices": {
      "rawPosition": [
        -36,
        -63,
        0,
        36,
        -63,
        0,
        -36,
        63,
        0,
        36,
        63,
        0
      ],
      "indexes": [
        0,
        1,
        2,
        2,
        1,
        3
      ],
      "uv": [
        16,
        126,
        88,
        126,
        16,
        0,
        88,
        0
      ],
      "nuv": [
        0.1553398058252427,
        0,
        0.8543689320388349,
        0,
        0.1553398058252427,
        0.984375,
        0.8543689320388349,
        0.984375
      ],
      "minPos": {
        "x": -36,
        "y": -63,
        "z": 0
      },
      "maxPos": {
        "x": 36,
        "y": 63,
        "z": 0
      }
    },
    "texture": "e58b5400-3bfe-4b43-ae24-3f1d3d3737c3@6c48a",
    "packable": true,
    "pixelsToUnit": 100,
    "pivot": {
      "x": 0.5,
      "y": 0.5
    },
    "meshType": 0
  }
}