{
  "__type__": "cc.SpriteFrame",
  "content": {
    "name": "mj_tong_5",
    "atlas": "",
    "rect": {
      "x": 1,
      "y": 1,
      "width": 101,
      "height": 127
    },
    "offset": {
      "x": 0,
      "y": 0
    },
    "originalSize": {
      "width": 103,
      "height": 129
    },
    "rotated": false,
    "capInsets": [
      0,
      0,
      0,
      0
    ],
    "vertices": {
      "rawPosition": [
        -50.5,
        -63.5,
        0,
        50.5,
        -63.5,
        0,
        -50.5,
        63.5,
        0,
        50.5,
        63.5,
        0
      ],
      "indexes": [
        0,
        1,
        2,
        2,
        1,
        3
      ],
      "uv": [
        1,
        128,
        102,
        128,
        1,
        1,
        102,
        1
      ],
      "nuv": [
        0.009708737864077669,
        0.007751937984496124,
        0.9902912621359223,
        0.007751937984496124,
        0.009708737864077669,
        0.9922480620155039,
        0.9902912621359223,
        0.9922480620155039
      ],
      "minPos": {
        "x": -50.5,
        "y": -63.5,
        "z": 0
      },
      "maxPos": {
        "x": 50.5,
        "y": 63.5,
        "z": 0
      }
    },
    "texture": "38eec4b2-571a-4f66-a50b-2a4a7b090f8d@6c48a",
    "packable": true,
    "pixelsToUnit": 100,
    "pivot": {
      "x": 0.5,
      "y": 0.5
    },
    "meshType": 0
  }
}