{
  "__type__": "cc.SpriteFrame",
  "content": {
    "name": "mj_tiao_6",
    "atlas": "",
    "rect": {
      "x": 4,
      "y": 2,
      "width": 95,
      "height": 125
    },
    "offset": {
      "x": 0,
      "y": 0
    },
    "originalSize": {
      "width": 103,
      "height": 129
    },
    "rotated": false,
    "capInsets": [
      0,
      0,
      0,
      0
    ],
    "vertices": {
      "rawPosition": [
        -47.5,
        -62.5,
        0,
        47.5,
        -62.5,
        0,
        -47.5,
        62.5,
        0,
        47.5,
        62.5,
        0
      ],
      "indexes": [
        0,
        1,
        2,
        2,
        1,
        3
      ],
      "uv": [
        4,
        127,
        99,
        127,
        4,
        2,
        99,
        2
      ],
      "nuv": [
        0.038834951456310676,
        0.015503875968992248,
        0.9611650485436893,
        0.015503875968992248,
        0.038834951456310676,
        0.9844961240310077,
        0.9611650485436893,
        0.9844961240310077
      ],
      "minPos": {
        "x": -47.5,
        "y": -62.5,
        "z": 0
      },
      "maxPos": {
        "x": 47.5,
        "y": 62.5,
        "z": 0
      }
    },
    "texture": "74a8e2a5-4f71-45ec-b9ed-1007ff8867e2@6c48a",
    "packable": true,
    "pixelsToUnit": 100,
    "pivot": {
      "x": 0.5,
      "y": 0.5
    },
    "meshType": 0
  }
}