{
  "__type__": "cc.SpriteFrame",
  "content": {
    "name": "mj_wan_1",
    "atlas": "",
    "rect": {
      "x": 15,
      "y": 2,
      "width": 73,
      "height": 126
    },
    "offset": {
      "x": 0,
      "y": -0.5
    },
    "originalSize": {
      "width": 103,
      "height": 129
    },
    "rotated": false,
    "capInsets": [
      0,
      0,
      0,
      0
    ],
    "vertices": {
      "rawPosition": [
        -36.5,
        -63,
        0,
        36.5,
        -63,
        0,
        -36.5,
        63,
        0,
        36.5,
        63,
        0
      ],
      "indexes": [
        0,
        1,
        2,
        2,
        1,
        3
      ],
      "uv": [
        15,
        127,
        88,
        127,
        15,
        1,
        88,
        1
      ],
      "nuv": [
        0.14563106796116504,
        0.007751937984496124,
        0.8543689320388349,
        0.007751937984496124,
        0.14563106796116504,
        0.9844961240310077,
        0.8543689320388349,
        0.9844961240310077
      ],
      "minPos": {
        "x": -36.5,
        "y": -63,
        "z": 0
      },
      "maxPos": {
        "x": 36.5,
        "y": 63,
        "z": 0
      }
    },
    "texture": "1a17dcc0-29e0-47fd-9f6f-949f13bd6752@6c48a",
    "packable": true,
    "pixelsToUnit": 100,
    "pivot": {
      "x": 0.5,
      "y": 0.5
    },
    "meshType": 0
  }
}