{
  "__type__": "cc.SpriteFrame",
  "content": {
    "name": "mj_feng_2",
    "atlas": "",
    "rect": {
      "x": 2,
      "y": 11,
      "width": 99,
      "height": 107
    },
    "offset": {
      "x": 0,
      "y": 0
    },
    "originalSize": {
      "width": 103,
      "height": 129
    },
    "rotated": false,
    "capInsets": [
      0,
      0,
      0,
      0
    ],
    "vertices": {
      "rawPosition": [
        -49.5,
        -53.5,
        0,
        49.5,
        -53.5,
        0,
        -49.5,
        53.5,
        0,
        49.5,
        53.5,
        0
      ],
      "indexes": [
        0,
        1,
        2,
        2,
        1,
        3
      ],
      "uv": [
        2,
        118,
        101,
        118,
        2,
        11,
        101,
        11
      ],
      "nuv": [
        0.019417475728155338,
        0.08527131782945736,
        0.9805825242718447,
        0.08527131782945736,
        0.019417475728155338,
        0.9147286821705426,
        0.9805825242718447,
        0.9147286821705426
      ],
      "minPos": {
        "x": -49.5,
        "y": -53.5,
        "z": 0
      },
      "maxPos": {
        "x": 49.5,
        "y": 53.5,
        "z": 0
      }
    },
    "texture": "8cd90a7c-377c-457c-a661-fbb47ded92fb@6c48a",
    "packable": true,
    "pixelsToUnit": 100,
    "pivot": {
      "x": 0.5,
      "y": 0.5
    },
    "meshType": 0
  }
}