{
  "__type__": "cc.SpriteFrame",
  "content": {
    "name": "mj_jian_1",
    "atlas": "",
    "rect": {
      "x": 5,
      "y": 1,
      "width": 93,
      "height": 126
    },
    "offset": {
      "x": 0,
      "y": 0
    },
    "originalSize": {
      "width": 103,
      "height": 128
    },
    "rotated": false,
    "capInsets": [
      0,
      0,
      0,
      0
    ],
    "vertices": {
      "rawPosition": [
        -46.5,
        -63,
        0,
        46.5,
        -63,
        0,
        -46.5,
        63,
        0,
        46.5,
        63,
        0
      ],
      "indexes": [
        0,
        1,
        2,
        2,
        1,
        3
      ],
      "uv": [
        5,
        127,
        98,
        127,
        5,
        1,
        98,
        1
      ],
      "nuv": [
        0.04854368932038835,
        0.0078125,
        0.9514563106796117,
        0.0078125,
        0.04854368932038835,
        0.9921875,
        0.9514563106796117,
        0.9921875
      ],
      "minPos": {
        "x": -46.5,
        "y": -63,
        "z": 0
      },
      "maxPos": {
        "x": 46.5,
        "y": 63,
        "z": 0
      }
    },
    "texture": "33aa0e0f-4284-42c6-aea0-db42fea6ec4a@6c48a",
    "packable": true,
    "pixelsToUnit": 100,
    "pivot": {
      "x": 0.5,
      "y": 0.5
    },
    "meshType": 0
  }
}