{
  "__type__": "cc.SpriteFrame",
  "content": {
    "name": "mj_tong_9",
    "atlas": "",
    "rect": {
      "x": 1,
      "y": 7,
      "width": 101,
      "height": 115
    },
    "offset": {
      "x": 0,
      "y": 0
    },
    "originalSize": {
      "width": 103,
      "height": 129
    },
    "rotated": false,
    "capInsets": [
      0,
      0,
      0,
      0
    ],
    "vertices": {
      "rawPosition": [
        -50.5,
        -57.5,
        0,
        50.5,
        -57.5,
        0,
        -50.5,
        57.5,
        0,
        50.5,
        57.5,
        0
      ],
      "indexes": [
        0,
        1,
        2,
        2,
        1,
        3
      ],
      "uv": [
        1,
        122,
        102,
        122,
        1,
        7,
        102,
        7
      ],
      "nuv": [
        0.009708737864077669,
        0.05426356589147287,
        0.9902912621359223,
        0.05426356589147287,
        0.009708737864077669,
        0.9457364341085271,
        0.9902912621359223,
        0.9457364341085271
      ],
      "minPos": {
        "x": -50.5,
        "y": -57.5,
        "z": 0
      },
      "maxPos": {
        "x": 50.5,
        "y": 57.5,
        "z": 0
      }
    },
    "texture": "8e804f9e-2cbc-4657-b65b-8d19174cc2e9@6c48a",
    "packable": true,
    "pixelsToUnit": 100,
    "pivot": {
      "x": 0.5,
      "y": 0.5
    },
    "meshType": 0
  }
}