{
  "__type__": "cc.SpriteFrame",
  "content": {
    "name": "combined_mj_tiao_1",
    "atlas": "",
    "rect": {
      "x": 0,
      "y": 0,
      "width": 163,
      "height": 214
    },
    "offset": {
      "x": -0.5,
      "y": 0
    },
    "originalSize": {
      "width": 164,
      "height": 214
    },
    "rotated": false,
    "capInsets": [
      0,
      0,
      0,
      0
    ],
    "vertices": {
      "rawPosition": [
        -81.5,
        -107,
        0,
        81.5,
        -107,
        0,
        -81.5,
        107,
        0,
        81.5,
        107,
        0
      ],
      "indexes": [
        0,
        1,
        2,
        2,
        1,
        3
      ],
      "uv": [
        0,
        214,
        163,
        214,
        0,
        0,
        163,
        0
      ],
      "nuv": [
        0,
        0,
        0.9939024390243902,
        0,
        0,
        1,
        0.9939024390243902,
        1
      ],
      "minPos": {
        "x": -81.5,
        "y": -107,
        "z": 0
      },
      "maxPos": {
        "x": 81.5,
        "y": 107,
        "z": 0
      }
    },
    "texture": "6a4acc27-a76a-4741-add3-063450870f08@6c48a",
    "packable": true,
    "pixelsToUnit": 100,
    "pivot": {
      "x": 0.5,
      "y": 0.5
    },
    "meshType": 0
  }
}