{
  "__type__": "cc.SpriteFrame",
  "content": {
    "name": "mj_tiao_7",
    "atlas": "",
    "rect": {
      "x": 3,
      "y": 2,
      "width": 97,
      "height": 124
    },
    "offset": {
      "x": 0,
      "y": 0
    },
    "originalSize": {
      "width": 103,
      "height": 128
    },
    "rotated": false,
    "capInsets": [
      0,
      0,
      0,
      0
    ],
    "vertices": {
      "rawPosition": [
        -48.5,
        -62,
        0,
        48.5,
        -62,
        0,
        -48.5,
        62,
        0,
        48.5,
        62,
        0
      ],
      "indexes": [
        0,
        1,
        2,
        2,
        1,
        3
      ],
      "uv": [
        3,
        126,
        100,
        126,
        3,
        2,
        100,
        2
      ],
      "nuv": [
        0.02912621359223301,
        0.015625,
        0.970873786407767,
        0.015625,
        0.02912621359223301,
        0.984375,
        0.970873786407767,
        0.984375
      ],
      "minPos": {
        "x": -48.5,
        "y": -62,
        "z": 0
      },
      "maxPos": {
        "x": 48.5,
        "y": 62,
        "z": 0
      }
    },
    "texture": "87518057-b18b-410d-b74e-81e3896b996e@6c48a",
    "packable": true,
    "pixelsToUnit": 100,
    "pivot": {
      "x": 0.5,
      "y": 0.5
    },
    "meshType": 0
  }
}