{
  "__type__": "cc.SpriteFrame",
  "content": {
    "name": "mj_feng_4",
    "atlas": "",
    "rect": {
      "x": 1,
      "y": 18,
      "width": 100,
      "height": 93
    },
    "offset": {
      "x": -0.5,
      "y": 0
    },
    "originalSize": {
      "width": 103,
      "height": 129
    },
    "rotated": false,
    "capInsets": [
      0,
      0,
      0,
      0
    ],
    "vertices": {
      "rawPosition": [
        -50,
        -46.5,
        0,
        50,
        -46.5,
        0,
        -50,
        46.5,
        0,
        50,
        46.5,
        0
      ],
      "indexes": [
        0,
        1,
        2,
        2,
        1,
        3
      ],
      "uv": [
        1,
        111,
        101,
        111,
        1,
        18,
        101,
        18
      ],
      "nuv": [
        0.009708737864077669,
        0.13953488372093023,
        0.9805825242718447,
        0.13953488372093023,
        0.009708737864077669,
        0.8604651162790697,
        0.9805825242718447,
        0.8604651162790697
      ],
      "minPos": {
        "x": -50,
        "y": -46.5,
        "z": 0
      },
      "maxPos": {
        "x": 50,
        "y": 46.5,
        "z": 0
      }
    },
    "texture": "0851bcfb-8eb7-46c9-ba0a-52595be5c453@6c48a",
    "packable": true,
    "pixelsToUnit": 100,
    "pivot": {
      "x": 0.5,
      "y": 0.5
    },
    "meshType": 0
  }
}