{
  "__type__": "cc.SpriteFrame",
  "content": {
    "name": "mj_wan_3",
    "atlas": "",
    "rect": {
      "x": 16,
      "y": 2,
      "width": 71,
      "height": 125
    },
    "offset": {
      "x": 0,
      "y": -0.5
    },
    "originalSize": {
      "width": 103,
      "height": 128
    },
    "rotated": false,
    "capInsets": [
      0,
      0,
      0,
      0
    ],
    "vertices": {
      "rawPosition": [
        -35.5,
        -62.5,
        0,
        35.5,
        -62.5,
        0,
        -35.5,
        62.5,
        0,
        35.5,
        62.5,
        0
      ],
      "indexes": [
        0,
        1,
        2,
        2,
        1,
        3
      ],
      "uv": [
        16,
        126,
        87,
        126,
        16,
        1,
        87,
        1
      ],
      "nuv": [
        0.1553398058252427,
        0.0078125,
        0.8446601941747572,
        0.0078125,
        0.1553398058252427,
        0.984375,
        0.8446601941747572,
        0.984375
      ],
      "minPos": {
        "x": -35.5,
        "y": -62.5,
        "z": 0
      },
      "maxPos": {
        "x": 35.5,
        "y": 62.5,
        "z": 0
      }
    },
    "texture": "0898f107-4f05-453f-8d41-fa4b36dd8f29@6c48a",
    "packable": true,
    "pixelsToUnit": 100,
    "pivot": {
      "x": 0.5,
      "y": 0.5
    },
    "meshType": 0
  }
}