{
  "__type__": "cc.SpriteFrame",
  "content": {
    "name": "mj_wan_2",
    "atlas": "",
    "rect": {
      "x": 16,
      "y": 2,
      "width": 72,
      "height": 126
    },
    "offset": {
      "x": 0.5,
      "y": -0.5
    },
    "originalSize": {
      "width": 103,
      "height": 129
    },
    "rotated": false,
    "capInsets": [
      0,
      0,
      0,
      0
    ],
    "vertices": {
      "rawPosition": [
        -36,
        -63,
        0,
        36,
        -63,
        0,
        -36,
        63,
        0,
        36,
        63,
        0
      ],
      "indexes": [
        0,
        1,
        2,
        2,
        1,
        3
      ],
      "uv": [
        16,
        127,
        88,
        127,
        16,
        1,
        88,
        1
      ],
      "nuv": [
        0.1553398058252427,
        0.007751937984496124,
        0.8543689320388349,
        0.007751937984496124,
        0.1553398058252427,
        0.9844961240310077,
        0.8543689320388349,
        0.9844961240310077
      ],
      "minPos": {
        "x": -36,
        "y": -63,
        "z": 0
      },
      "maxPos": {
        "x": 36,
        "y": 63,
        "z": 0
      }
    },
    "texture": "61e1116f-f318-408e-bb9f-5f0ef3e10b69@6c48a",
    "packable": true,
    "pixelsToUnit": 100,
    "pivot": {
      "x": 0.5,
      "y": 0.5
    },
    "meshType": 0
  }
}