{
  "__type__": "cc.SpriteFrame",
  "content": {
    "name": "mj_tong_2",
    "atlas": "",
    "rect": {
      "x": 20,
      "y": 1,
      "width": 62,
      "height": 126
    },
    "offset": {
      "x": -0.5,
      "y": 0
    },
    "originalSize": {
      "width": 103,
      "height": 128
    },
    "rotated": false,
    "capInsets": [
      0,
      0,
      0,
      0
    ],
    "vertices": {
      "rawPosition": [
        -31,
        -63,
        0,
        31,
        -63,
        0,
        -31,
        63,
        0,
        31,
        63,
        0
      ],
      "indexes": [
        0,
        1,
        2,
        2,
        1,
        3
      ],
      "uv": [
        20,
        127,
        82,
        127,
        20,
        1,
        82,
        1
      ],
      "nuv": [
        0.1941747572815534,
        0.0078125,
        0.7961165048543689,
        0.0078125,
        0.1941747572815534,
        0.9921875,
        0.7961165048543689,
        0.9921875
      ],
      "minPos": {
        "x": -31,
        "y": -63,
        "z": 0
      },
      "maxPos": {
        "x": 31,
        "y": 63,
        "z": 0
      }
    },
    "texture": "0d5fdc70-f99d-4fe2-a548-34f18e50c08b@6c48a",
    "packable": true,
    "pixelsToUnit": 100,
    "pivot": {
      "x": 0.5,
      "y": 0.5
    },
    "meshType": 0
  }
}