{
  "__type__": "cc.SpriteFrame",
  "content": {
    "name": "mj_wan_5",
    "atlas": "",
    "rect": {
      "x": 13,
      "y": 1,
      "width": 77,
      "height": 127
    },
    "offset": {
      "x": 0,
      "y": -0.5
    },
    "originalSize": {
      "width": 103,
      "height": 128
    },
    "rotated": false,
    "capInsets": [
      0,
      0,
      0,
      0
    ],
    "vertices": {
      "rawPosition": [
        -38.5,
        -63.5,
        0,
        38.5,
        -63.5,
        0,
        -38.5,
        63.5,
        0,
        38.5,
        63.5,
        0
      ],
      "indexes": [
        0,
        1,
        2,
        2,
        1,
        3
      ],
      "uv": [
        13,
        127,
        90,
        127,
        13,
        0,
        90,
        0
      ],
      "nuv": [
        0.1262135922330097,
        0,
        0.8737864077669902,
        0,
        0.1262135922330097,
        0.9921875,
        0.8737864077669902,
        0.9921875
      ],
      "minPos": {
        "x": -38.5,
        "y": -63.5,
        "z": 0
      },
      "maxPos": {
        "x": 38.5,
        "y": 63.5,
        "z": 0
      }
    },
    "texture": "f038e3fb-64b7-4f57-80ab-c8d5409816b1@6c48a",
    "packable": true,
    "pixelsToUnit": 100,
    "pivot": {
      "x": 0.5,
      "y": 0.5
    },
    "meshType": 0
  }
}