{
  "gizmos-infos": {
    "is2D": true,
    "is3DIcon": false,
    "iconSize": 2,
    "gridVisible": true,
    "gridColor": [
      166,
      166,
      166,
      255
    ],
    "transformToolName": "position",
    "pivot": "pivot",
    "coordinate": "local",
    "toolsVisibility3d": true
  },
  "__version__": "1.0.2",
  "builder": {},
  "snap-configs": {
    "position": {
      "x": 1,
      "y": 1,
      "z": 1
    },
    "rotation": 1,
    "scale": 1,
    "isPositionSnapEnabled": false,
    "isRotationSnapEnabled": false,
    "isScaleSnapEnabled": false
  },
  "rect-snap-configs": {
    "enableSnapping": true,
    "snapThreshold": 4
  },
  "camera-infos": {
    "73f8d06d-e02e-4182-8d90-1b348c6f7e20": {
      "position": {
        "x": 640,
        "y": 360,
        "z": 5000
      },
      "rotation": {
        "x": 0,
        "y": 0,
        "z": 0,
        "w": 1
      },
      "viewCenter": {
        "x": 0,
        "y": 0,
        "z": 0
      },
      "contentRect": {
        "x": -1560.4842615012103,
        "y": -1184.471347861178,
        "width": 1278,
        "height": 898
      },
      "scale": 0.29039062500000007
    },
    "71b47899-a102-4624-bfb7-93bc2ddff1bb": {
      "position": {
        "x": 594.5434197945389,
        "y": 408.63131599561007,
        "z": 5000
      },
      "rotation": {
        "x": 0,
        "y": 0,
        "z": 0,
        "w": 1
      },
      "viewCenter": {
        "x": 0,
        "y": 0,
        "z": 0
      },
      "contentRect": {
        "x": 311.6144867232983,
        "y": 129.43331390992435,
        "width": 910,
        "height": 898
      },
      "scale": 1.6081776969958477
    },
    "c54c6f76-3c24-4ebb-a9d1-6ca991b68078": {
      "position": {
        "x": 640,
        "y": 360,
        "z": 5000
      },
      "rotation": {
        "x": 0,
        "y": 0,
        "z": 0,
        "w": 1
      },
      "viewCenter": {
        "x": 0,
        "y": 0,
        "z": 0
      },
      "contentRect": {
        "x": 590,
        "y": 310.00000000000006,
        "width": 628.6,
        "height": 628.6
      },
      "scale": 6.2860000000000005
    },
    "0e4e1348-af64-47d3-b6d9-04fd8642ea5e": {
      "position": {
        "x": 640,
        "y": 359.9999999999999,
        "z": 5000
      },
      "rotation": {
        "x": 0,
        "y": 0,
        "z": 0,
        "w": 1
      },
      "viewCenter": {
        "x": 0,
        "y": 0,
        "z": 0
      },
      "contentRect": {
        "x": 0,
        "y": 5.684341886080802e-14,
        "width": 446.6,
        "height": 251.2125
      },
      "scale": 0.34890625000000003
    },
    "ac70a1bb-0501-418e-a936-264cbf2cce51": {
      "position": {
        "x": 640,
        "y": 359.9999999999999,
        "z": 5000
      },
      "rotation": {
        "x": 0,
        "y": 0,
        "z": 0,
        "w": 1
      },
      "viewCenter": {
        "x": 0,
        "y": 0,
        "z": 0
      },
      "contentRect": {
        "x": 0,
        "y": 5.684341886080802e-14,
        "width": 541.8,
        "height": 304.76249999999993
      },
      "scale": 0.42328124999999994
    },
    "d9b1b4c2-cf06-46cc-bbf9-38596e879b19": {
      "position": {
        "x": 511.8571428571428,
        "y": 450.42857142857133,
        "z": 5000
      },
      "rotation": {
        "x": 0,
        "y": 0,
        "z": 0,
        "w": 1
      },
      "viewCenter": {
        "x": 0,
        "y": 0,
        "z": 0
      },
      "contentRect": {
        "x": 56.14285714285715,
        "y": -190.99999999999997,
        "width": 638,
        "height": 898
      },
      "scale": 0.7000000000000001
    },
    "b3af9b25-a91c-44b9-b6a5-72f03e0cbf93": {
      "position": {
        "x": 640,
        "y": 360,
        "z": 5000
      },
      "rotation": {
        "x": 0,
        "y": 0,
        "z": 0,
        "w": 1
      },
      "viewCenter": {
        "x": 0,
        "y": 0,
        "z": 0
      },
      "contentRect": {
        "x": 0,
        "y": 5.684341886080802e-14,
        "width": 457.8,
        "height": 257.5125
      },
      "scale": 0.35765625
    },
    "8216b60c-e58e-4ce6-bb60-126a013dd6df": {
      "position": {
        "x": 640,
        "y": 360,
        "z": 5000
      },
      "rotation": {
        "x": 0,
        "y": 0,
        "z": 0,
        "w": 1
      },
      "viewCenter": {
        "x": 0,
        "y": 0,
        "z": 0
      },
      "contentRect": {
        "x": 0,
        "y": 5.684341886080802e-14,
        "width": 457.8,
        "height": 257.5125
      },
      "scale": 0.35765625
    },
    "b860aeeb-a9f0-4023-96ef-239d4e4d2c00": {
      "position": {
        "x": 616.0727301675836,
        "y": 468.97392467911686,
        "z": 5000
      },
      "rotation": {
        "x": 0,
        "y": 0,
        "z": 0,
        "w": 1
      },
      "viewCenter": {
        "x": 0,
        "y": 0,
        "z": 0
      },
      "contentRect": {
        "x": 151.03794506042846,
        "y": -169.56007689003488,
        "width": 654,
        "height": 898
      },
      "scale": 0.7031732043972827
    },
    "bd58962d-73d9-446a-a360-aafc646a0be2": {
      "position": {
        "x": 640,
        "y": 360,
        "z": 5000
      },
      "rotation": {
        "x": 0,
        "y": 0,
        "z": 0,
        "w": 1
      },
      "viewCenter": {
        "x": 0,
        "y": 0,
        "z": 0
      },
      "contentRect": {
        "x": 0,
        "y": 5.684341886080802e-14,
        "width": 457.8,
        "height": 257.5125
      },
      "scale": 0.35765625
    },
    "a166d419-72bf-4ec3-8293-68cd57e58c95": {
      "position": {
        "x": 640,
        "y": 360,
        "z": 5000
      },
      "rotation": {
        "x": 0,
        "y": 0,
        "z": 0,
        "w": 1
      },
      "viewCenter": {
        "x": 0,
        "y": 0,
        "z": 0
      },
      "contentRect": {
        "x": 0,
        "y": 5.684341886080802e-14,
        "width": 457.8,
        "height": 257.5125
      },
      "scale": 0.35765625
    },
    "04334550-5328-4f5e-9a41-640f4ebd951b": {
      "position": {
        "x": 640,
        "y": 360,
        "z": 5000
      },
      "rotation": {
        "x": 0,
        "y": 0,
        "z": 0,
        "w": 1
      },
      "viewCenter": {
        "x": 0,
        "y": 0,
        "z": 0
      },
      "contentRect": {
        "x": 0,
        "y": 0,
        "width": 708,
        "height": 898
      },
      "scale": 0.3871875
    },
    "8a7b3e14-2046-412f-b78d-4b938c8d5268": {
      "position": {
        "x": 640,
        "y": 360,
        "z": 5000
      },
      "rotation": {
        "x": 0,
        "y": 0,
        "z": 0,
        "w": 1
      },
      "viewCenter": {
        "x": 0,
        "y": 0,
        "z": 0
      },
      "contentRect": {
        "x": 0,
        "y": 5.684341886080802e-14,
        "width": 495.6,
        "height": 278.775
      },
      "scale": 0.3871875
    },
    "71a65275-9a45-4fc3-a6cb-04d139f024d8": {
      "position": {
        "x": 640,
        "y": 360,
        "z": 5000
      },
      "rotation": {
        "x": 0,
        "y": 0,
        "z": 0,
        "w": 1
      },
      "viewCenter": {
        "x": 0,
        "y": 0,
        "z": 0
      },
      "contentRect": {
        "x": 0,
        "y": 5.684341886080802e-14,
        "width": 495.6,
        "height": 278.775
      },
      "scale": 0.3871875
    },
    "f05651c3-f99f-4697-aaa4-ea7d6ec777e0": {
      "position": {
        "x": 640,
        "y": 360,
        "z": 5000
      },
      "rotation": {
        "x": 0,
        "y": 0,
        "z": 0,
        "w": 1
      },
      "viewCenter": {
        "x": 0,
        "y": 0,
        "z": 0
      },
      "contentRect": {
        "x": 0,
        "y": 5.684341886080802e-14,
        "width": 495.6,
        "height": 278.775
      },
      "scale": 0.3871875
    },
    "351c79d2-4c7d-4d9a-8739-8e3b2c183267": {
      "position": {
        "x": 640,
        "y": 360,
        "z": 5000
      },