{
  "__type__": "cc.SpriteFrame",
  "content": {
    "name": "mj_wan_8",
    "atlas": "",
    "rect": {
      "x": 16,
      "y": 1,
      "width": 71,
      "height": 127
    },
    "offset": {
      "x": 0,
      "y": 0
    },
    "originalSize": {
      "width": 103,
      "height": 129
    },
    "rotated": false,
    "capInsets": [
      0,
      0,
      0,
      0
    ],
    "vertices": {
      "rawPosition": [
        -35.5,
        -63.5,
        0,
        35.5,
        -63.5,
        0,
        -35.5,
        63.5,
        0,
        35.5,
        63.5,
        0
      ],
      "indexes": [
        0,
        1,
        2,
        2,
        1,
        3
      ],
      "uv": [
        16,
        128,
        87,
        128,
        16,
        1,
        87,
        1
      ],
      "nuv": [
        0.1553398058252427,
        0.007751937984496124,
        0.8446601941747572,
        0.007751937984496124,
        0.1553398058252427,
        0.9922480620155039,
        0.8446601941747572,
        0.9922480620155039
      ],
      "minPos": {
        "x": -35.5,
        "y": -63.5,
        "z": 0
      },
      "maxPos": {
        "x": 35.5,
        "y": 63.5,
        "z": 0
      }
    },
    "texture": "51cbea15-c9be-484b-ba98-ffa668ae6157@6c48a",
    "packable": true,
    "pixelsToUnit": 100,
    "pivot": {
      "x": 0.5,
      "y": 0.5
    },
    "meshType": 0
  }
}