{
  "__type__": "cc.SpriteFrame",
  "content": {
    "name": "mj_tong_6",
    "atlas": "",
    "rect": {
      "x": 7,
      "y": 1,
      "width": 89,
      "height": 126
    },
    "offset": {
      "x": 0,
      "y": 0
    },
    "originalSize": {
      "width": 103,
      "height": 128
    },
    "rotated": false,
    "capInsets": [
      0,
      0,
      0,
      0
    ],
    "vertices": {
      "rawPosition": [
        -44.5,
        -63,
        0,
        44.5,
        -63,
        0,
        -44.5,
        63,
        0,
        44.5,
        63,
        0
      ],
      "indexes": [
        0,
        1,
        2,
        2,
        1,
        3
      ],
      "uv": [
        7,
        127,
        96,
        127,
        7,
        1,
        96,
        1
      ],
      "nuv": [
        0.06796116504854369,
        0.0078125,
        0.9320388349514563,
        0.0078125,
        0.06796116504854369,
        0.9921875,
        0.9320388349514563,
        0.9921875
      ],
      "minPos": {
        "x": -44.5,
        "y": -63,
        "z": 0
      },
      "maxPos": {
        "x": 44.5,
        "y": 63,
        "z": 0
      }
    },
    "texture": "facb7ac3-3be9-45c3-840b-1dafde6dcd2d@6c48a",
    "packable": true,
    "pixelsToUnit": 100,
    "pivot": {
      "x": 0.5,
      "y": 0.5
    },
    "meshType": 0
  }
}