{
  "__type__": "cc.SpriteFrame",
  "content": {
    "name": "mj_feng_1",
    "atlas": "",
    "rect": {
      "x": 2,
      "y": 2,
      "width": 98,
      "height": 126
    },
    "offset": {
      "x": -0.5,
      "y": -0.5
    },
    "originalSize": {
      "width": 103,
      "height": 129
    },
    "rotated": false,
    "capInsets": [
      0,
      0,
      0,
      0
    ],
    "vertices": {
      "rawPosition": [
        -49,
        -63,
        0,
        49,
        -63,
        0,
        -49,
        63,
        0,
        49,
        63,
        0
      ],
      "indexes": [
        0,
        1,
        2,
        2,
        1,
        3
      ],
      "uv": [
        2,
        127,
        100,
        127,
        2,
        1,
        100,
        1
      ],
      "nuv": [
        0.019417475728155338,
        0.007751937984496124,
        0.970873786407767,
        0.007751937984496124,
        0.019417475728155338,
        0.9844961240310077,
        0.970873786407767,
        0.9844961240310077
      ],
      "minPos": {
        "x": -49,
        "y": -63,
        "z": 0
      },
      "maxPos": {
        "x": 49,
        "y": 63,
        "z": 0
      }
    },
    "texture": "bc8551dd-e60b-4cb6-b71b-70a2012bccae@6c48a",
    "packable": true,
    "pixelsToUnit": 100,
    "pivot": {
      "x": 0.5,
      "y": 0.5
    },
    "meshType": 0
  }
}