{
  "__type__": "cc.SpriteFrame",
  "content": {
    "name": "mj_feng_3",
    "atlas": "",
    "rect": {
      "x": 1,
      "y": 18,
      "width": 101,
      "height": 92
    },
    "offset": {
      "x": 0,
      "y": 0
    },
    "originalSize": {
      "width": 103,
      "height": 128
    },
    "rotated": false,
    "capInsets": [
      0,
      0,
      0,
      0
    ],
    "vertices": {
      "rawPosition": [
        -50.5,
        -46,
        0,
        50.5,
        -46,
        0,
        -50.5,
        46,
        0,
        50.5,
        46,
        0
      ],
      "indexes": [
        0,
        1,
        2,
        2,
        1,
        3
      ],
      "uv": [
        1,
        110,
        102,
        110,
        1,
        18,
        102,
        18
      ],
      "nuv": [
        0.009708737864077669,
        0.140625,
        0.9902912621359223,
        0.140625,
        0.009708737864077669,
        0.859375,
        0.9902912621359223,
        0.859375
      ],
      "minPos": {
        "x": -50.5,
        "y": -46,
        "z": 0
      },
      "maxPos": {
        "x": 50.5,
        "y": 46,
        "z": 0
      }
    },
    "texture": "d6bdd372-dd8c-4967-bf8f-54b8c11b1f40@6c48a",
    "packable": true,
    "pixelsToUnit": 100,
    "pivot": {
      "x": 0.5,
      "y": 0.5
    },
    "meshType": 0
  }
}