{
  "__type__": "cc.SpriteFrame",
  "content": {
    "name": "mj_tong_8",
    "atlas": "",
    "rect": {
      "x": 17,
      "y": 1,
      "width": 68,
      "height": 127
    },
    "offset": {
      "x": -0.5,
      "y": 0
    },
    "originalSize": {
      "width": 103,
      "height": 129
    },
    "rotated": false,
    "capInsets": [
      0,
      0,
      0,
      0
    ],
    "vertices": {
      "rawPosition": [
        -34,
        -63.5,
        0,
        34,
        -63.5,
        0,
        -34,
        63.5,
        0,
        34,
        63.5,
        0
      ],
      "indexes": [
        0,
        1,
        2,
        2,
        1,
        3
      ],
      "uv": [
        17,
        128,
        85,
        128,
        17,
        1,
        85,
        1
      ],
      "nuv": [
        0.1650485436893204,
        0.007751937984496124,
        0.8252427184466019,
        0.007751937984496124,
        0.1650485436893204,
        0.9922480620155039,
        0.8252427184466019,
        0.9922480620155039
      ],
      "minPos": {
        "x": -34,
        "y": -63.5,
        "z": 0
      },
      "maxPos": {
        "x": 34,
        "y": 63.5,
        "z": 0
      }
    },
    "texture": "13ec9f3f-6e04-42e5-9438-d686c72806d3@6c48a",
    "packable": true,
    "pixelsToUnit": 100,
    "pivot": {
      "x": 0.5,
      "y": 0.5
    },
    "meshType": 0
  }
}