{
  "__type__": "cc.SpriteFrame",
  "content": {
    "name": "mj_tiao_1",
    "atlas": "",
    "rect": {
      "x": 2,
      "y": 3,
      "width": 100,
      "height": 116
    },
    "offset": {
      "x": 0.5,
      "y": 3.5
    },
    "originalSize": {
      "width": 103,
      "height": 129
    },
    "rotated": false,
    "capInsets": [
      0,
      0,
      0,
      0
    ],
    "vertices": {
      "rawPosition": [
        -50,
        -58,
        0,
        50,
        -58,
        0,
        -50,
        58,
        0,
        50,
        58,
        0
      ],
      "indexes": [
        0,
        1,
        2,
        2,
        1,
        3
      ],
      "uv": [
        2,
        126,
        102,
        126,
        2,
        10,
        102,
        10
      ],
      "nuv": [
        0.019417475728155338,
        0.07751937984496124,
        0.9902912621359223,
        0.07751937984496124,
        0.019417475728155338,
        0.9767441860465116,
        0.9902912621359223,
        0.9767441860465116
      ],
      "minPos": {
        "x": -50,
        "y": -58,
        "z": 0
      },
      "maxPos": {
        "x": 50,
        "y": 58,
        "z": 0
      }
    },
    "texture": "8a858ea0-e112-4e92-b19c-ea5966d3957f@6c48a",
    "packable": true,
    "pixelsToUnit": 100,
    "pivot": {
      "x": 0.5,
      "y": 0.5
    },
    "meshType": 0
  }
}