{
  "__type__": "cc.SpriteFrame",
  "content": {
    "name": "mj_tiao_8",
    "atlas": "",
    "rect": {
      "x": 2,
      "y": 2,
      "width": 99,
      "height": 125
    },
    "offset": {
      "x": 0,
      "y": -0.5
    },
    "originalSize": {
      "width": 103,
      "height": 128
    },
    "rotated": false,
    "capInsets": [
      0,
      0,
      0,
      0
    ],
    "vertices": {
      "rawPosition": [
        -49.5,
        -62.5,
        0,
        49.5,
        -62.5,
        0,
        -49.5,
        62.5,
        0,
        49.5,
        62.5,
        0
      ],
      "indexes": [
        0,
        1,
        2,
        2,
        1,
        3
      ],
      "uv": [
        2,
        126,
        101,
        126,
        2,
        1,
        101,
        1
      ],
      "nuv": [
        0.019417475728155338,
        0.0078125,
        0.9805825242718447,
        0.0078125,
        0.019417475728155338,
        0.984375,
        0.9805825242718447,
        0.984375
      ],
      "minPos": {
        "x": -49.5,
        "y": -62.5,
        "z": 0
      },
      "maxPos": {
        "x": 49.5,
        "y": 62.5,
        "z": 0
      }
    },
    "texture": "90899e0b-9fb7-43d6-bfe5-76a0c535fad9@6c48a",
    "packable": true,
    "pixelsToUnit": 100,
    "pivot": {
      "x": 0.5,
      "y": 0.5
    },
    "meshType": 0
  }
}